runTimeUTC,runTimeOffset,version,model,x0,xc0,t0,xn,xcn,tn
1446437114,-5,0.1.?,0.1.1,0.729887,0.683567,1446144995,-0.643746,0.780846,1446473555
