startTime , durationMins, subjectId, hubId
1446474275.000000,315.000000,geoff,debug,
1446554375.000000,390.000000,geoff,debug,
1446640775.000000,105.000000,geoff,debug,
