runTimeUTC,runTimeOffset,version,model,x0,xc0,t0,xn,xcn,tn
1430144952.20877,-5,1.0.0.0,1,5.123,0.67778,0.546676,0.55436,0.7777,1.7778
